stock_name,stock_code,price,revunue,profit margin,market cap,price/book,Enterprise Value/EBITDA,Environmental Risk Score,Social Risk Score,Governance Risk Score
Microsoft Corporation,MSFT,467.56,236.58B,36.43%,3.48T,13.73,27.20,1.5,7.5,6.1
Apple Inc.,AAPL,226.34,381.62B,26.31%,3.47T,46.78,26.38,0.5,7.4,9.4
NVIDIA Corporation,NVDA,125.83,79.77B,53.40%,3.10T,62.99,60.68,2.3,4.9,6.3
"Amazon.com, Inc.",AMZN,200,590.74B,6.38%,2.08T,9.61,21.60,6.0,15.4,9.2
"Meta Platforms, Inc.",META,539.91,142.71B,32.06%,1.37T,9.16,20.18,2.7,21.1,10.3
Alphabet Inc.,GOOGL,190.6,318.15B,25.90%,2.36T,8.04,20.97,1.6,11.2,11.5
Alphabet Inc.,GOOG,191.96,318.15B,25.90%,2.36T,8.10,20.97,,,
,BRK.B,,--,--,--,--,--,,,
Eli Lilly and Company,LLY,914.57,35.93B,17.08%,823.48B,64.27,87.43,2.5,12.6,9.1
Broadcom Inc.,AVGO,1703.31,42.62B,24.10%,792.87B,11.33,41.99,7.3,6.0,6.6
JPMorgan Chase & Co.,JPM,204.79,150B,33.57%,588.09B,1.92,--,1.1,16.5,11.7
"Tesla, Inc.",TSLA,251.52,94.75B,14.37%,802.15B,12.46,56.91,3.3,14.1,7.8
Exxon Mobil Corporation,XOM,113.37,335.35B,9.78%,508.57B,2.48,7.32,23.1,10.0,8.5
UnitedHealth Group Incorporated,UNH,488.01,379.49B,4.05%,449.16B,5.18,16.83,0.0,9.7,5.6
Visa Inc.,V,270.36,34.14B,53.87%,553.18B,14.00,23.29,1.8,8.2,6.7
,,,,,,,,9.6,12.2,6.7
Costco Wholesale Corporation,COST,885.67,253.7B,2.83%,392.65B,18.04,32.58,6.5,11.2,5.6
Mastercard Incorporated,MA,449.49,25.7B,46.09%,417.85B,57.69,27.02,2.2,6.7,8.3
Johnson & Johnson,JNJ,146.48,85.65B,44.92%,352.53B,5.03,12.76,0.9,15.0,8.0
"The Home Depot, Inc.",HD,334.58,151.83B,9.79%,331.77B,182.29,15.32,3.3,5.6,3.8
"Merck & Co., Inc.",MRK,126.45,61.4B,3.76%,320.27B,7.93,38.85,1.9,10.6,8.9
AbbVie Inc.,ABBV,167.25,54.4B,11.02%,295.34B,36.89,18.98,2.4,17.2,10.4
"Netflix, Inc.",NFLX,690.65,34.93B,18.42%,297.60B,13.93,13.36,0.1,7.3,9.0
Walmart Inc.,WMT,70.04,657.33B,2.88%,563.37B,6.93,15.06,5.9,12.4,7.1
Bank of America Corporation,BAC,40.41,93.36B,26.81%,316.02B,1.19,--,1.7,15.1,11.5
Chevron Corporation,CVX,154.31,192.79B,10.53%,282.20B,1.76,6.78,17.0,9.2,10.4
"Advanced Micro Devices, Inc.",AMD,171.9,22.8B,4.90%,277.84B,4.94,66.31,,,
Adobe Inc.,ADBE,578.34,20.43B,24.86%,256.44B,17.28,34.21,1.9,6.0,5.2
"Salesforce, Inc.",CRM,263.19,35.74B,15.30%,255.03B,4.27,24.55,2.0,7.5,5.4
The Coca-Cola Company,KO,63.76,46.07B,23.41%,274.68B,10.39,19.49,7.2,9.5,4.9
Oracle Corporation,ORCL,144.83,52.96B,19.76%,399.13B,45.86,22.22,0.5,7.8,5.6
"PepsiCo, Inc.",PEP,164.39,91.88B,10.00%,226.00B,11.87,16.57,7.3,9.6,5.2
QUALCOMM Incorporated,QCOM,205.75,36.41B,23.03%,229.62B,9.38,20.79,5.3,4.5,5.6
Wells Fargo & Company,WFC,59.62,77.6B,24.19%,207.85B,1.28,--,2.0,14.8,19.4
Thermo Fisher Scientific Inc.,TMO,540.1,42.49B,14.20%,206.16B,4.53,20.67,1.4,4.9,6.5
Linde plc,LIN,435.72,32.76B,19.26%,209.46B,5.39,18.16,,,
"Applied Materials, Inc.",AMAT,242.59,26.5B,27.56%,200.86B,11.04,22.29,4.5,3.0,5.3
"Cisco Systems, Inc.",CSCO,46.65,55.36B,21.88%,187.94B,4.11,11.75,0.4,6.9,6.5
Accenture plc,ACN,299.14,64.48B,10.79%,187.38B,6.75,17.28,0.8,4.6,4.4
Intuit Inc.,INTU,668.75,15.81B,19.43%,186.95B,9.97,39.89,1.0,10.7,4.7
McDonald's Corporation,MCD,251.09,25.76B,33.36%,180.96B,--,16.42,7.6,12.6,5.8
Abbott Laboratories,ABT,104.02,40.33B,13.96%,180.96B,4.66,18.15,2.3,14.2,8.3
The Walt Disney Company,DIS,97.99,89.2B,1.90%,178.64B,1.80,18.70,0.0,9.0,6.7
Texas Instruments Incorporated,TXN,198.79,16.8B,35.16%,180.99B,10.66,21.78,7.8,6.0,6.9
Verizon Communications Inc.,VZ,41.27,134.04B,8.44%,173.72B,1.84,8.62,3.7,9.6,5.4
GE Aerospace,GE,160.5,69.52B,5.05%,175.68B,5.88,19.80,14.2,15.4,10.9
Amgen Inc.,AMGN,310.88,29.53B,12.74%,166.77B,33.21,18.31,0.7,13.5,7.8
"ServiceNow, Inc.",NOW,806.47,9.48B,20.34%,165.63B,20.43,88.72,4.0,6.0,6.6
Caterpillar Inc.,CAT,328.35,67B,16.79%,160.58B,9.10,11.65,10.4,17.7,8.1
Danaher Corporation,DHR,239.25,23.74B,18.55%,177.21B,3.32,25.82,1.4,5.2,5.3
International Business Machines Corporation,IBM,176.02,62.07B,13.18%,161.69B,6.95,13.85,1.8,6.2,6.1
Pfizer Inc.,PFE,28.05,54.89B,-0.56%,158.95B,1.72,29.04,2.1,12.9,9.6
Philip Morris International Inc.,PM,102.12,35.95B,22.16%,158.75B,--,14.91,3.4,13.5,11.5
"Intuitive Surgical, Inc.",ISRG,443.76,7.32B,27.16%,157.40B,11.27,66.73,3.7,9.6,7.8
"The Goldman Sachs Group, Inc.",GS,464.75,46.73B,20.15%,149.86B,1.40,--,0.9,12.8,11.8
Comcast Corporation,CMCSA,37.86,121.94B,12.64%,148.55B,1.80,6.19,4.0,10.9,8.2
"Uber Technologies, Inc.",UBER,71.06,38.59B,3.60%,148.48B,13.43,47.67,,,
"Micron Technology, Inc.",MU,131.6,21.37B,-7.20%,145.92B,3.30,23.09,7.2,5.5,5.5
"NextEra Energy, Inc.",NEE,72.09,27.13B,27.62%,148.11B,3.04,14.16,9.4,8.3,5.6
S&P Global Inc.,SPGI,453.27,12.83B,22.00%,141.83B,4.13,28.20,0.0,6.2,6.8
Lam Research Corporation,LRCX,1087.8,14.24B,25.35%,142.22B,17.73,30.66,4.5,4.0,5.1
Honeywell International Inc.,HON,212.24,36.9B,15.52%,138.21B,8.40,16.38,11.0,10.6,7.0
Union Pacific Corporation,UNP,225.17,24.09B,26.52%,137.38B,8.77,14.26,7.3,10.6,5.6
AT&T Inc.,T,18.77,122.32B,11.13%,134.58B,1.29,6.27,3.3,13.9,6.7
ConocoPhillips,COP,112.55,56.82B,18.63%,131.04B,2.66,5.70,17.6,8.1,8.3
American Express Company,AXP,235.63,56.9B,15.81%,169.49B,5.89,--,0.1,8.9,9.7
RTX Corporation,RTX,100.37,71.01B,4.90%,133.44B,2.21,17.49,,,
Booking Holdings Inc.,BKNG,3930.15,22B,21.81%,133.34B,--,17.47,1.0,10.1,8.1
Intel Corporation,INTC,32.02,55.24B,7.36%,136.31B,1.29,14.03,4.9,7.3,6.6
"The TJX Companies, Inc.",TJX,111.64,54.91B,8.47%,126.17B,16.82,18.52,1.9,7.7,4.8
Eaton Corporation plc,ETN,317.37,23.66B,14.38%,126.91B,6.58,26.27,5.5,6.8,5.7
Morgan Stanley,MS,99.59,54.47B,17.48%,161.85B,1.79,--,1.1,12.9,10.5
"Elevance Health, Inc.",ELV,530.31,171.75B,3.64%,123.25B,3.04,--,0.1,6.0,5.3
The Progressive Corporation,PGR,210.18,65.02B,8.90%,123.10B,5.64,--,1.5,8.5,10.1
"Lowe's Companies, Inc.",LOW,213.89,85.39B,8.46%,121.88B,--,12.25,3.3,5.3,3.2
Vertex Pharmaceuticals Incorporated,VRTX,474.57,10.18B,39.46%,122.46B,6.60,22.57,,,
Citigroup Inc.,C,64.03,69.65B,11.48%,122.13B,0.65,--,1.8,13.8,13.7
Stryker Corporation,SYK,337.25,20.96B,16.03%,128.48B,6.70,26.85,4.0,13.2,11.0
Boston Scientific Corporation,BSX,76.4,14.71B,12.05%,112.32B,5.64,33.30,2.4,11.9,8.9
"Regeneron Pharmaceuticals, Inc.",REGN,1034.23,13.1B,29.45%,113.96B,4.22,23.33,0.3,11.0,6.7
"Analog Devices, Inc.",ADI,230.89,10.46B,20.45%,114.57B,3.25,25.28,9.3,6.7,7.0
KLA Corporation,KLAC,855.21,9.6B,27.19%,115.15B,37.21,31.57,7.4,5.1,4.6
"Palo Alto Networks, Inc.",PANW,342.09,7.79B,31.42%,110.77B,24.79,86.20,0.7,7.6,5.6
"BlackRock, Inc.",BLK,790.6,18.34B,32.26%,117.48B,2.96,14.27,0.9,7.4,10.0
The Charles Schwab Corporation,SCHW,73.2,18.46B,26.14%,133.82B,4.03,--,2.4,8.9,11.9
The Boeing Company,BA,184.83,76.44B,-2.81%,113.46B,--,65.81,8.8,22.5,8.3
"Marsh & McLennan Companies, Inc.",MMC,213.92,23.29B,16.84%,105.40B,8.49,18.17,0.1,11.3,9.7
"Prologis, Inc.",PLD,114.46,8.52B,37.35%,105.97B,1.99,19.89,2.7,2.5,5.0
Chubb Limited,CB,252.51,51.79B,17.92%,102.53B,1.69,--,1.5,11.5,10.6
Medtronic plc,MDT,77.61,32.36B,11.36%,99.52B,1.98,14.21,1.8,13.4,7.6
Lockheed Martin Corporation,LMT,462.16,69.64B,9.73%,109.97B,16.54,12.21,8.0,15.1,7.1
"United Parcel Service, Inc.",UPS,136.35,89.74B,6.60%,116.66B,6.90,11.56,,,
"Automatic Data Processing, Inc.",ADP,235.56,18.91B,19.56%,96.41B,20.84,16.85,2.8,5.5,5.5
Deere & Company,DE,360.03,58.6B,16.16%,99.21B,4.37,9.26,2.7,10.8,6.5
"NIKE, Inc.",NKE,75.43,51.36B,11.10%,113.85B,7.89,18.10,3.0,10.0,6.7
The Cigna Group,CI,319.12,204.15B,1.77%,90.65B,2.20,--,0.0,6.0,5.7
"T-Mobile US, Inc.",TMUS,179.24,78.52B,11.15%,210.63B,3.39,11.44,4.2,13.4,7.1
"Synopsys, Inc.",SNPS,621.3,6.31B,22.60%,95.19B,13.31,52.70,3.3,6.9,4.2
American Tower Corporation,AMT,195.64,11.21B,18.42%,91.36B,22.57,21.21,2.9,2.8,5.2
"CrowdStrike Holdings, Inc.",CRWD,389.68,3.28B,4.01%,94.83B,37.40,254.58,,,
"Arista Networks, Inc.",ANET,366.14,6.08B,37.64%,114.73B,14.59,44.16,0.4,8.9,7.4
"Mondelez International, Inc.",MDLZ,66.98,36.14B,11.87%,89.84B,3.15,13.36,7.2,9.4,5.4
Starbucks Corporation,SBUX,76.05,36.53B,11.38%,86.14B,--,14.39,5.8,14.6,4.3
Blackstone Inc.,BX,122.72,9.93B,21.68%,92.23B,13.26,--,2.5,9.6,11.3
"Fiserv, Inc.",FI,150.51,19.43B,16.68%,88.06B,3.06,13.54,4.1,8.7,6.8
"Gilead Sciences, Inc.",GILD,66.69,27.45B,1.77%,83.09B,4.74,21.65,1.0,14.3,7.6
"Chipotle Mexican Grill, Inc.",CMG,62.75,10.2B,12.70%,86.18B,25.64,43.78,,,
"Cadence Design Systems, Inc.",CDNS,321.11,4.08B,25.68%,87.48B,24.52,59.77,2.3,4.9,4.8
Bristol-Myers Squibb Company,BMY,39.66,45.53B,-13.50%,80.39B,4.88,24.09,1.3,14.4,7.1
The Southern Company,SO,78.04,25.42B,16.69%,85.33B ,2.67 ,12.20 ,14.7,11.0,7.3
Amphenol Corporation,APH,68.01,12.84B,15.87%,81.69B,9.41,26.99,7.3,4.6,7.6
Zoetis Inc.,ZTS,174.96,8.73B,27.38%,79.83B,15.78,22.77,3.2,6.8,8.7
"Altria Group, Inc.",MO,46.1,20.46B,41.42%,79.18B,--,7.96,6.1,17.6,7.6
Colgate-Palmolive Company,CL,97.05,19.75B,13.22%,79.62B,346.19,19.80,8.3,11.3,6.5
"Intercontinental Exchange, Inc.",ICE,140.79,8.38B,29.59%,80.75B,3.08,19.59,1.7,9.3,8.8
,,,,,,,,8.1,5.2,3.3
Duke Energy Corporation,DUK,100.56,29B,10.95%,77.61B,1.63,11.24,11.5,10.7,4.8
McKesson Corporation,MCK,587.76,308.95B,0.97%,76.24B,--,16.90,1.6,7.3,6.3
CVS Health Corporation,CVS,56.62,359.66B,2.04%,71.08B,0.96,8.14,0.0,15.8,6.2
Trane Technologies plc,TT,331.68,18.23B,11.81%,75.08B,10.90,23.81,4.4,5.7,5.1
"EOG Resources, Inc.",EOG,124.94,23.53B,31.27%,71.80B,2.51,5.31,20.2,6.7,7.3
"Equinix, Inc.",EQIX,754.49,7.88B,11.94%,71.61B,5.82,25.61,3.4,5.3,5.1
,,,,,,,,2.1,6.5,9.2
,,,,,,,,,,
Freeport-McMoRan Inc.,FCX,51.52,23.79B,6.97%,74.01B,4.36,8.83,15.3,10.0,6.4
TransDigm Group Incorporated,TDG,1274.55,7.3B,21.24%,71.32B,--,25.42,12.0,17.7,9.0
The Sherwin-Williams Company,SHW,295.7,22.98B,10.52%,74.97B,21.40,20.99,14.3,9.2,5.8
NXP Semiconductors N.V.,NXPI,273.54,13.28B,21.24%,69.94B,7.92,15.77,8.6,5.4,5.8
FedEx Corporation,FDX,294,87.69B,4.94%,72.35B,2.62,9.16,5.7,8.4,5.6
Target Corporation,TGT,145.65,106.62B,3.87%,67.38B,4.87,9.65,1.9,7.6,4.9
"Airbnb, Inc.",ABNB,152.5,10.24B,48.23%,96.81B,12.26,37.54,,,
"Becton, Dickinson and Company",BDX,227.76,19.72B,6.76%,65.82B,2.57,18.32,3.0,13.6,7.1
Schlumberger Limited,SLB,46.14,34.11B,12.72%,65.95B,3.18,9.60,8.1,6.3,5.9
Moody's Corporation,MCO,432.26,6.23B,27.01%,78.93B,22.08,28.91,1.6,6.1,8.1
CSX Corporation,CSX,33.3,14.63B,24.75%,65.10B,5.17,11.45,7.0,10.0,4.8
General Dynamics Corporation,GD,281.68,43.12B,7.85%,77.28B,3.61,16.38,9.4,18.9,6.9
Constellation Energy Corporation,CEG,211.29,23.51B,10.25%,66.61B,5.95,13.43,,,
Parker-Hannifin Corporation,PH,505.5,19.84B,13.95%,64.98B,5.61,15.30,9.5,13.8,6.2
"Motorola Solutions, Inc.",MSI,386.87,10.2B,13.65%,64.52B,123.85,30.57,2.3,5.1,5.8
Aon plc,AON,295.86,13.58B,19.04%,64.33B,--,18.71,,,
Illinois Tool Works Inc.,ITW,233.14,16.06B,19.07%,69.57B,23.04,16.57,7.0,11.8,6.5
"The PNC Financial Services Group, Inc.",PNC,156.51,20.37B,25.68%,62.28B,1.21,--,1.9,13.3,10.8
Welltower Inc.,WELL,106.48,6.94B,6.36%,63.67B,2.31,29.90,4.2,3.5,5.5
Emerson Electric Co.,EMR,109.46,16.53B,64.97%,62.62B,3.00,17.39,8.8,13.1,6.6
Marathon Petroleum Corporation,MPC,170.74,147.39B,5.36%,60.16B,2.62,4.98,17.1,8.1,5.3
U.S. Bancorp,USB,39.04,25.16B,20.08%,60.92B,1.25,--,1.8,15.5,13.0
"HCA Healthcare, Inc.",HCA,320.3,66.72B,8.20%,83.89B,--,9.51,3.9,17.7,7.2
Northrop Grumman Corporation,NOC,434.73,40.12B,5.38%,64.34B,4.52,17.77,7.8,14.4,5.4
"PayPal Holdings, Inc.",PYPL,59.76,30.43B,14.26%,62.51B,3.02,8.32,2.8,9.2,5.8
"O'Reilly Automotive, Inc.",ORLY,1026.82,16.08B,14.78%,60.47B,--,18.54,0.1,8.1,3.8
Cintas Corporation,CTAS,711.72,9.41B,15.98%,72.21B,17.06,30.80,3.0,9.2,5.9
"Roper Technologies, Inc.",ROP,562.56,6.39B,23.21%,60.22B,3.38,24.08,4.7,9.7,6.1
Ecolab Inc.,ECL,238.19,15.5B,10.01%,68.02B,8.29,23.56,8.5,6.1,5.3
,,,,,,,,20.8,8.8,5.8
"Marriott International, Inc.",MAR,240.98,6.38B,45.33%,68.83B,--,19.77,8.6,9.2,3.7
Arthur J. Gallagher & Co.,AJG,264.67,10.08B,10.83%,57.83B,5.12,26.76,0.1,10.9,10.1
3M Company,MMM,101.32,32.65B,-21.57%,56.07B,11.52,--,17.2,13.6,6.5
"Air Products and Chemicals, Inc.",APD,252.67,12.15B,20.32%,56.17B,3.77,14.50,7.4,1.5,3.3
Edwards Lifesciences Corporation,EW,92.32,6.14B,23.01%,55.63B,7.82,30.88,2.9,8.1,7.6
Hilton Worldwide Holdings Inc.,HLT,214.41,4.52B,26.52%,53.61B,--,26.56,,,
PACCAR Inc,PCAR,100.22,35.4B,14.30%,52.53B,3.11,8.54,8.4,11.0,8.3
General Motors Company,GM,46.52,174.87B,6.13%,53.05B,0.80,6.21,9.8,11.5,7.2
Capital One Financial Corporation,COF,136,26.97B,19.30%,51.94B,0.90,--,0.1,12.3,10.1
"Autodesk, Inc.",ADSK,247.87,5.65B,17.66%,53.42B,24.72,39.85,3.7,8.2,4.9
Truist Financial Corporation,TFC,38.22,20.81B,-6.76%,51.14B,0.98,--,,,
,,,,,,,,,,
Valero Energy Corporation,VLO,152.78,134.36B,5.22%,49.96B,1.92,4.39,20.1,7.4,5.0
"The Williams Companies, Inc.",WMB,42.48,10.16B,28.40%,51.77B,4.17,10.51,8.7,10.1,3.0
Ford Motor Company,F,12.84,177.49B,2.21%,51.26B,1.20,15.13,7.4,6.4,8.5
Microchip Technology Incorporated,MCHP,92.14,7.63B,24.98%,49.47B,7.43,16.06,15.3,9.2,7.4
"American International Group, Inc.",AIG,73.88,48.37B,9.98%,49.03B,1.13,--,1.6,9.7,12.9
"Digital Realty Trust, Inc.",DLR,151.44,5.41B,21.48%,49.14B,2.69,19.75,2.8,2.8,7.0
"Ross Stores, Inc.",ROST,145.55,20.74B,9.60%,48.60B,9.82,15.94,1.8,10.8,5.7
"AutoZone, Inc.",AZO,2815,17.98B,14.60%,48.09B,--,14.10,0.1,7.1,3.8
Norfolk Southern Corporation,NSC,215.86,12.03B,11.76%,48.77B,3.89,17.20,8.0,10.5,5.4
Newmont Corporation,NEM,44.51,13.16B,-20.33%,51.33B,1.78,135.90,7.1,8.2,5.2
"Simon Property Group, Inc.",SPG,146.09,5.75B,44.57%,47.62B,15.54,13.42,3.8,4.0,6.2
"ONEOK, Inc.",OKE,82.25,17.94B,12.54%,48.00B,2.92,14.49,10.8,11.0,3.3
Sempra,SRE,76.13,13.8B,21.06%,48.18B,1.71,14.50,10.9,7.8,4.9
Kimberly-Clark Corporation,KMB,138.29,20.38B,9.05%,46.56B,44.60,17.13,10.4,10.4,7.6
"Copart, Inc.",CPRT,54.22,4.17B,33.33%,52.18B,7.28,27.54,1.5,9.0,5.6
"The Travelers Companies, Inc.",TRV,201.87,42.89B,7.32%,46.23B,1.85,--,1.0,9.3,10.0
Aflac Incorporated,AFL,89.05,19.34B,27.67%,50.60B,2.15,--,0.3,9.1,8.9
"American Electric Power Company, Inc.",AEP,87.86,19.32B,14.57%,46.31B,1.79,11.72,12.7,8.1,5.4
GE Vernova Inc.,GEV,176.23,33.68B,-0.75%,48.30B,5.38,35.95,,,
Realty Income Corporation,O,53.09,4.4B,17.73%,46.23B,1.19,19.26,4.4,5.3,5.7
TE Connectivity Ltd.,TEL,149.43,15.83B,21.63%,45.76B,3.68,13.91,5.8,4.4,4.6
Humana Inc.,HUM,368.82,109.24B,1.82%,44.44B,2.76,--,0.0,16.7,5.7
The Bank of New York Mellon Corporation,BK,59.88,17.49B,19.03%,44.78B,1.24,--,1.1,9.9,9.9
Public Storage,PSA,289.67,4.61B,46.42%,50.90B,9.09,18.69,4.7,2.6,5.7
"DexCom, Inc.",DXCM,113.69,3.8B,16.82%,45.21B,20.12,45.10,5.3,10.6,8.1
Johnson Controls International plc,JCI,66.79,26.83B,6.32%,44.99B,2.87,20.92,4.5,4.6,5.4
"United Rentals, Inc.",URI,633.95,14.53B,17.31%,42.21B,5.20,8.19,5.3,6.1,5.4
"Ameriprise Financial, Inc.",AMP,432.15,16.58B,18.88%,42.92B,8.80,--,2.1,7.8,10.3
"Prudential Financial, Inc.",PRU,116.84,60.44B,3.58%,41.95B,1.54,--,0.6,10.0,9.3
"L3Harris Technologies, Inc.",LHX,224.07,20.16B,5.82%,42.50B,2.28,18.63,,,
The Allstate Corporation,ALL,158.43,58.57B,2.31%,41.81B,2.51,--,1.0,10.1,10.9
"MetLife, Inc.",MET,69.5,67.57B,3.50%,49.42B,1.73,--,0.7,7.0,8.8
Crown Castle Inc.,CCI,96.07,6.85B,20.37%,41.74B,6.90,17.57,4.1,1.7,4.3
Occidental Petroleum Corporation,OXY,61.79,27.01B,16.00%,54.79B,2.43,6.11,25.0,9.7,7.0
"Constellation Brands, Inc.",STZ,259.14,10.11B,24.42%,47.21B,4.61,15.67,9.4,10.0,5.2
"Fidelity National Information Services, Inc.",FIS,75.42,9.89B,-61.37%,41.95B,2.33,12.18,4.1,8.2,5.2
"Super Micro Computer, Inc.",SMCI,846.58,11.82B,8.87%,49.57B,9.73,41.18,,,
"D.R. Horton, Inc.",DHI,135.56,37.06B,13.39%,44.64B,1.87,7.46,8.7,6.7,5.7
,,,,,,,,18.9,7.2,7.0
"Dominion Energy, Inc.",D,49.11,14.14B,11.93%,41.16B,1.61,13.15,11.9,8.8,5.6
"IDEXX Laboratories, Inc.",IDXX,486,3.72B,23.26%,40.14B,25.58,32.86,2.6,7.1,8.9
"W.W. Grainger, Inc.",GWW,912.55,16.62B,10.94%,44.78B,14.00,16.66,4.5,5.6,5.9
"Republic Services, Inc.",RSG,194.89,15.25B,11.81%,61.38B,5.67,16.78,11.2,6.0,3.7
"Monolithic Power Systems, Inc.",MPWR,841.65,1.83B,22.44%,40.96B,19.38,80.76,,,
Otis Worldwide Corporation,OTIS,96.88,14.3B,9.99%,39.17B,--,18.88,,,
"Moderna, Inc.",MRNA,118.32,5.15B,-115.82%,45.34B,3.54,--,,,
"Kinder Morgan, Inc.",KMI,19.89,15.29B,16.08%,44.14B,1.45,11.65,8.3,7.2,3.5
"Verisk Analytics, Inc.",VRSK,274.45,2.73B,28.46%,39.16B,138.76,28.92,0.1,12.5,5.0
IQVIA Holdings Inc.,IQV,208.1,15.07B,9.01%,37.92B,5.98,15.32,1.3,10.6,7.2
"AMETEK, Inc.",AME,165.65,6.74B,19.57%,38.34B,4.28,19.88,8.6,8.5,6.7
"Fortinet, Inc.",FTNT,61.09,5.4B,22.23%,46.67B,--,29.30,2.5,10.0,6.4
MSCI Inc.,MSCI,495.24,2.62B,44.55%,39.23B,--,24.81,1.6,7.0,7.7
Nucor Corporation,NUE,153.84,34.14B,12.40%,36.88B,1.78,5.21,9.3,14.7,8.8
"Paychex, Inc.",PAYX,117.54,5.28B,32.03%,42.31B,11.13,17.73,3.2,7.2,6.4
"Corteva, Inc.",CTVA,52.44,16.83B,3.32%,36.55B,1.48,17.39,,,
Arch Capital Group Ltd.,ACGL,98.15,14.41B,33.65%,36.85B,1.99,--,1.5,10.1,10.9
"Agilent Technologies, Inc.",A,126.37,6.59B,18.84%,36.87B,5.93,22.54,1.1,6.4,6.1
"Cencora, Inc.",COR,222.68,276.54B,0.67%,43.85B,40.49,12.70,1.6,5.5,5.7
Cummins Inc.,CMI,266.63,34.02B,5.70%,36.47B,4.02,9.61,5.6,7.7,5.9
Fair Isaac Corporation,FICO,1551.55,1.6B,29.99%,38.34B,--,56.48,,,
,,,,,,,,8.1,7.7,4.9
Dow Inc.,DOW,52.23,43.54B,2.75%,36.73B,1.99,10.87,,,
Public Service Enterprise Group Incorporated,PEG,74.07,10.24B,17.65%,36.89B,2.35,13.80,12.5,9.3,5.5
PG&E Corporation,PCG,17.23,24.08B,9.99%,45.05B,1.75,13.04,9.6,15.4,5.4
"Diamondback Energy, Inc.",FANG,203.53,8.27B,38.66%,36.30B,2.14,6.66,,,
"Yum! Brands, Inc.",YUM,129.12,7.03B,22.92%,36.36B,--,18.84,4.5,11.4,4.1
Ingersoll Rand Inc.,IR,91.38,6.92B,11.85%,36.89B,3.74,22.38,,,
Lennar Corporation,LEN,142.63,35.78B,11.58%,38.86B,1.46,6.80,11.3,8.6,5.6
"Quanta Services, Inc.",PWR,252.53,21.49B,3.58%,36.97B,5.82,21.99,12.1,15.7,9.0
"General Mills, Inc.",GIS,62.88,19.86B,12.57%,35.10B,3.73,11.77,8.3,8.7,4.1
Fastenal Company,FAST,63.16,7.38B,15.68%,36.16B,10.55,21.33,9.3,8.3,7.1
Monster Beverage Corporation,MNST,49.75,7.34B,22.83%,49.03B,5.72,21.83,12.1,12.0,5.1
Baker Hughes Company,BKR,34.22,26.21B,6.95%,34.15B,2.22,9.78,,,
Centene Corporation,CNC,66.37,142.8B,1.92%,35.42B,1.31,5.94,0.1,13.3,6.5
Lululemon Athletica Inc.,LULU,298.14,9.83B,16.09%,37.27B,8.83,13.98,1.6,9.9,5.5
Sysco Corporation,SYY,69.75,78.02B,2.66%,34.73B,16.53,11.08,5.4,6.1,4.5
Exelon Corporation,EXC,34.31,22.21B,10.43%,34.31B,1.32,9.96,7.4,9.1,6.4
"Gartner, Inc.",IT,452.01,5.97B,13.35%,35.09B,48.86,27.39,0.1,13.2,5.6
Kenvue Inc.,KVUE,18.31,15.49B,9.63%,35.06B,3.30,13.81,,,
Keurig Dr Pepper Inc.,KDP,32.66,14.93B,14.52%,44.27B,1.80,14.64,,,
Cognizant Technology Solutions Corporation,CTSH,68,19.3B,10.84%,33.81B,2.51,9.75,1.1,7.6,5.9
Biogen Inc.,BIIB,225.65,9.66B,12.07%,32.85B,2.16,18.38,0.4,14.5,7.4
Electronic Arts Inc.,EA,138.26,7.56B,16.83%,36.74B,4.89,17.27,0.1,8.4,4.7
Discover Financial Services,DFS,128.89,9.91B,23.00%,32.30B,2.36,--,0.1,11.9,10.5
"DuPont de Nemours, Inc.",DD,78.99,11.98B,2.96%,33.03B,1.40,19.66,,,
The Kroger Co.,KR,51.84,150.14B,1.43%,37.42B,3.01,7.56,6.6,9.1,5.6
"Martin Marietta Materials, Inc.",MLM,536.74,6.67B,31.36%,33.08B,3.73,10.29,16.7,4.8,8.7
Vulcan Materials Company,VMC,244.21,7.68B,11.92%,32.30B,4.31,17.65,13.4,6.8,9.1
GE HealthCare Technologies Inc.,GEHC,77.06,19.5B,8.05%,35.18B,4.75,12.18,,,
Extra Space Storage Inc.,EXR,154.36,2.92B,28.12%,32.68B,2.29,21.84,4.2,3.7,7.3
"Old Dominion Freight Line, Inc.",ODFL,182.77,5.88B,21.19%,39.71B,9.02,19.71,,,
Xylem Inc.,XYL,134.26,7.95B,8.34%,32.55B,3.19,26.78,4.3,8.7,5.2
"Consolidated Edison, Inc.",ED,89.27,14.54B,12.42%,30.87B,1.43,10.41,6.9,10.9,6.1
Devon Energy Corporation,DVN,47.03,14.41B,23.24%,29.72B,2.44,4.87,17.7,8.6,7.5
"Rockwell Automation, Inc.",ROK,264.07,8.98B,13.19%,30.10B,8.50,18.89,5.4,6.6,5.7
HP Inc.,HPQ,34.63,53B,5.60%,33.89B,--,8.94,0.1,5.1,6.1
Howmet Aerospace Inc.,HWM,78.8,6.86B,12.53%,32.16B,7.98,23.00,,,
"Delta Air Lines, Inc.",DAL,46.02,59.04B,8.48%,29.70B,2.66,7.31,9.9,14.6,5.8
"CoStar Group, Inc.",CSGP,73.15,2.53B,11.65%,29.88B,4.07,93.87,4.9,9.3,7.7
Archer-Daniels-Midland Company,ADM,61.36,91.71B,3.32%,30.34B,1.31,7.38,16.6,10.1,5.0
"The Hartford Financial Services Group, Inc.",HIG,98.71,25.06B,10.86%,29.19B,1.93,--,1.8,7.2,7.6
Halliburton Company,HAL,33.1,23.15B,11.20%,29.30B,3.04,7.37,9.8,8.9,6.9
ON Semiconductor Corporation,ON,73.38,8.16B,26.67%,31.57B,3.89,10.06,11.8,5.7,4.9
Corning Incorporated,GLW,38.44,12.39B,4.96%,32.93B,2.93,15.42,5.5,4.8,6.1
Mettler-Toledo International Inc.,MTD,1346.08,3.79B,20.55%,28.75B,--,26.34,1.0,7.4,4.7
CDW Corporation,CDW,216.3,21.15B,5.16%,29.07B,13.59,17.76,2.5,3.2,3.5
Targa Resources Corp.,TRGP,132.49,16.1B,6.98%,29.38B,10.86,11.22,14.2,14.8,4.2
"Charter Communications, Inc.",CHTR,301.79,54.63B,8.50%,43.47B,3.66,6.72,6.1,10.7,7.9
"PPG Industries, Inc.",PPG,125.23,18.18B,7.73%,29.37B,3.70,12.83,11.0,7.7,6.5
Equifax Inc.,EFX,242.24,5.35B,10.42%,29.94B,6.56,21.97,0.1,16.3,6.8
Tractor Supply Company,TSCO,262.53,14.65B,7.66%,28.30B,13.33,17.45,3.4,8.2,4.5
VICI Properties Inc.,VICI,27.75,3.69B,70.13%,28.95B,1.14,13.37,,,
Xcel Energy Inc.,XEL,52.69,13.77B,13.37%,29.28B,1.64,10.73,12.7,9.3,4.5
"AvalonBay Communities, Inc.",AVB,203.27,2.83B,33.81%,28.90B,2.47,18.46,3.0,2.0,4.8
Dollar General Corporation,DG,128.2,39.26B,3.85%,28.19B,4.03,14.56,3.5,8.6,5.5
Vistra Corp.,VST,89.36,13.41B,5.66%,31.05B,9.76,12.78,,,
,,,,,,,,3.5,7.3,5.1
Westinghouse Air Brake Technologies Corporation,WAB,156.5,9.98B,9.20%,27.60B,2.64,16.16,5.4,12.0,6.0
ResMed Inc.,RMD,194.74,4.58B,20.91%,28.61B,6.18,19.62,3.5,12.4,10.4
The Hershey Company,HSY,184.15,11.43B,18.13%,37.24B,9.06,14.18,10.5,10.4,5.1
,,,,,,,,11.0,11.4,5.1
Hewlett Packard Enterprise Company,HPE,20.55,28.31B,6.38%,26.71B,1.23,7.33,0.9,4.1,5.6
"NetApp, Inc.",NTAP,129.09,6.27B,15.73%,26.57B,23.18,16.41,2.2,7.7,5.5
Willis Towers Watson Public Limited Company,WTW,261.61,9.58B,10.88%,26.75B,2.82,15.73,0.1,7.8,10.8
eBay Inc.,EBAY,52.87,10.16B,25.97%,26.54B,4.23,6.42,2.7,7.7,7.2
Iron Mountain Incorporated,IRM,91.6,5.64B,3.43%,26.85B,1.45k,24.85,5.0,3.7,5.8
"Church & Dwight Co., Inc.",CHD,106.59,5.94B,13.13%,26.06B,6.36,21.19,6.9,6.3,6.7
"CBRE Group, Inc.",CBRE,87.21,32.47B,3.06%,26.76B,3.24,17.15,1.5,1.9,4.6
"T. Rowe Price Group, Inc.",TROW,114.79,6.67B,29.09%,25.63B,2.62,8.78,,,
Fortive Corporation,FTV,72.41,6.13B,14.68%,25.49B,2.43,17.57,16.1,14.0,4.7
The Kraft Heinz Company,KHC,32.09,26.56B,10.62%,38.97B,0.79,10.54,13.5,14.1,6.2
M&T Bank Corporation,MTB,146.49,8.77B,29.29%,24.44B,0.97,--,2.6,10.3,13.6
"American Water Works Company, Inc.",AWK,130.01,4.31B,22.27%,25.33B,2.53,15.73,9.0,7.6,5.0
Dover Corporation,DOV,176.68,8.45B,17.28%,24.28B,4.71,12.18,8.0,12.5,5.4
Fifth Third Bancorp,FITB,36.01,8.14B,28.37%,24.51B,1.45,--,1.2,8.1,7.5
Garmin Ltd.,GRMN,161.93,5.46B,24.96%,31.10B,4.29,21.14,4.8,11.6,4.3
"WEC Energy Group, Inc.",WEC,77.85,8.69B,16.66%,24.59B,2.03,11.66,13.4,9.0,5.1
The Est√©e Lauder Companies Inc.,EL,106.35,15.35B,4.18%,38.13B,6.64,20.13,6.9,11.1,7.5
Western Digital Corporation,WDC,77.17,11.91B,-13.16%,25.20B,2.49,--,1.5,3.9,6.1
"Take-Two Interactive Software, Inc.",TTWO,151.74,5.35B,-69.99%,26.56B,4.69,--,,,
Global Payments Inc.,GPN,96.22,9.78B,13.40%,24.56B,1.11,9.96,3.7,10.7,6.5
,,,,,,,,,,
LyondellBasell Industries N.V.,LYB,93.58,40.78B,5.18%,30.47B,2.35,8.91,13.5,2.1,5.1
"West Pharmaceutical Services, Inc.",WST,322.56,2.93B,19.42%,23.50B,8.77,28.39,,,
"Cardinal Health, Inc.",CAH,95.89,220.57B,0.25%,23.36B,--,15.03,1.2,7.3,6.4
"First Solar, Inc.",FSLR,222.12,3.56B,28.75%,23.78B,3.44,15.36,,,
"NVR, Inc.",NVR,7421.51,9.85B,16.67%,23.25B,5.35,10.64,7.2,7.8,5.2
International Flavors & Fragrances Inc.,IFF,95.29,11.35B,-22.01%,24.33B,1.70,--,10.5,5.6,6.6
"Keysight Technologies, Inc.",KEYS,137.35,5.17B,15.71%,23.97B,4.89,17.52,1.2,1.8,4.7
Equity Residential,EQR,67.87,2.9B,31.70%,25.72B,2.33,15.51,3.0,2.9,6.1
"Raymond James Financial, Inc.",RJF,119.51,11.96B,14.85%,24.77B,2.27,--,,,
"Broadridge Financial Solutions, Inc.",BR,202.12,6.4B,10.92%,23.89B,10.53,18.26,4.2,7.5,4.9
"Nasdaq, Inc.",NDAQ,60.38,6.21B,15.97%,34.81B,3.22,21.61,0.0,5.6,7.4
"Teradyne, Inc.",TER,151.2,2.66B,16.15%,23.60B,9.23,37.22,7.1,4.9,5.0
"PulteGroup, Inc.",PHM,103.95,16.44B,16.63%,21.87B,2.03,5.97,9.2,7.3,4.9
DTE Energy Company,DTE,109.77,12.21B,10.36%,22.72B,2.03,11.46,15.0,10.0,4.7
Entergy Corporation,ETR,105.37,11.96B,17.73%,22.50B,1.56,10.22,14.0,7.3,5.3
"Dollar Tree, Inc.",DLTR,106.68,30.91B,-3.23%,22.93B,3.14,--,3.3,12.8,4.0
State Street Corporation,STT,73.72,11.95B,15.54%,22.21B,1.01,--,1.6,12.9,9.5
"Zimmer Biomet Holdings, Inc.",ZBH,108.01,7.45B,12.93%,22.22B,1.76,12.88,3.6,14.5,7.9
STERIS plc,STE,220.05,5.14B,7.36%,21.75B,3.45,17.65,,,
PTC Inc.,PTC,186.46,2.24B,12.84%,22.33B,7.59,35.90,4.9,8.6,5.4
"Brown & Brown, Inc.",BRO,90.52,4.34B,21.39%,25.82B,4.47,18.04,0.1,9.8,10.6
Veralto Corporation,VLTO,95.6,5.04B,15.83%,23.60B,15.92,21.19,,,
"Tyler Technologies, Inc.",TYL,513.42,1.99B,9.50%,21.80B,7.21,53.48,,,
Invitation Homes Inc.,INVH,36.04,2.47B,21.93%,22.08B,2.18,18.99,,,
SBA Communications Corporation,SBAC,190.83,2.69B,20.61%,20.50B,--,21.52,3.1,3.2,5.2
"Ventas, Inc.",VTR,52.45,4.61B,-1.58%,21.23B,2.26,17.52,3.4,3.9,5.6
"Axon Enterprise, Inc.",AXON,298.38,1.68B,15.60%,22.52B,12.39,68.54,,,
Weyerhaeuser Company,WY,27.45,7.59B,10.57%,20.01B,1.99,14.44,9.1,4.2,3.5
PPL Corporation,PPL,27.41,8.2B,9.29%,20.22B,1.44,12.10,17.1,8.9,5.3
Coterra Energy Inc.,CTRA,26.23,5.48B,23.70%,19.52B,1.49,6.01,20.3,8.3,7.5
GoDaddy Inc.,GDDY,143.98,4.33B,39.96%,20.29B,48.92,28.24,,,
"Leidos Holdings, Inc.",LDOS,145.51,15.71B,2.04%,19.67B,4.62,22.24,,,
FirstEnergy Corp.,FE,38.58,12.74B,8.34%,22.20B,1.79,12.08,10.8,9.0,5.8
Seagate Technology Holdings plc,STX,102.04,6.27B,-4.31%,21.43B,--,57.06,1.6,3.8,5.3
Eversource Energy,ES,57.27,11.45B,-3.60%,20.17B,1.39,30.22,4.7,8.6,5.4
Synchrony Financial,SYF,46.92,8.67B,33.81%,18.84B,1.34,--,0.1,9.9,7.3
"CenterPoint Energy, Inc.",CNP,30.49,8.54B,11.03%,19.51B,1.95,11.48,12.9,10.7,5.1
Hubbell Incorporated,HUBB,372.75,5.49B,13.23%,20.01B,6.83,18.67,5.6,9.1,4.9
"Steel Dynamics, Inc.",STLD,124.42,18.6B,12.89%,19.55B,2.15,5.73,10.6,14.4,8.1
Huntington Bancshares Incorporated,HBAN,12.84,6.75B,26.17%,18.61B,1.10,--,2.0,11.2,8.7
"Ulta Beauty, Inc.",ULTA,390,11.3B,11.13%,18.61B,8.09,10.52,4.1,7.3,4.3
Genuine Parts Company,GPC,132.45,23.11B,5.46%,18.45B,4.19,10.73,4.7,5.2,3.8
Cincinnati Financial Corporation,CINF,115.7,10.71B,22.16%,18.11B,1.43,--,1.8,11.0,12.9
"Corpay, Inc.",CPAY,270.48,3.79B,26.29%,19.01B,5.84,12.05,,,
Ball Corporation,BALL,59.64,13.92B,30.28%,18.51B,2.53,11.91,7.6,0.8,3.7
Aptiv PLC,APTV,70.18,20.13B,14.87%,19.09B,1.72,9.46,1.5,3.9,5.3
Regions Financial Corporation,RF,19.51,6.8B,26.91%,17.87B,1.16,--,1.8,6.7,8.4
Ameren Corporation,AEE,70.45,7.02B,16.37%,18.79B,1.64,10.36,12.9,9.1,5.3
"Cboe Global Markets, Inc.",CBOE,169.67,3.74B,21.31%,17.84B,4.43,14.46,2.7,7.6,10.6
"Alexandria Real Estate Equities, Inc.",ARE,116.8,2.95B,6.64%,20.43B,1.11,20.25,3.9,3.7,6.3
Teledyne Technologies Incorporated,TDY,381.47,5.6B,15.81%,18.09B,1.94,15.25,,,
"Darden Restaurants, Inc.",DRI,145.22,11.39B,9.02%,17.33B,7.73,12.48,7.9,15.0,4.6
Carnival Corporation & plc,CCL,17.21,23.44B,3.85%,25.78B,3.31,10.44,9.4,10.1,5.0
"Domino's Pizza, Inc.",DPZ,493.73,4.54B,11.90%,17.22B,--,23.47,10.6,12.2,6.3
"McCormick & Company, Incorporated",MKC,70.88,6.68B,11.07%,19.02B,3.57,18.52,9.6,11.1,5.3
"Essex Property Trust, Inc.",ESS,272.24,1.7B,30.96%,17.48B,3.15,17.76,3.5,2.8,6.1
Jacobs Solutions Inc.,J,136.74,16.9B,3.83%,17.12B,2.58,14.58,5.3,11.5,5.6
"Hologic, Inc.",HOLX,74.1,3.96B,11.78%,17.29B,3.57,17.80,4.6,12.1,8.4
Northern Trust Corporation,NTRS,83.13,6.67B,14.79%,17.01B,1.52,--,1.9,11.8,10.2
Omnicom Group Inc.,OMC,88.9,14.88B,9.96%,17.41B,4.88,8.37,0.1,9.3,6.9
Atmos Energy Corporation,ATO,114.62,4.06B,24.65%,17.29B,1.49,12.41,14.8,13.4,6.4
Labcorp Holdings Inc.,LH,204.58,12.3B,3.52%,17.24B,2.17,16.76,0.4,12.7,6.6
Avery Dennison Corporation,AVY,216.04,8.45B,6.56%,17.40B,7.90,17.26,11.4,0.9,3.7
CMS Energy Corporation,CMS,58.93,7.35B,13.19%,17.60B,2.28,11.24,9.6,6.8,5.2
"The Cooper Companies, Inc.",COO,85.9,3.73B,9.11%,17.10B,2.19,20.33,2.7,8.8,6.0
"Principal Financial Group, Inc.",PFG,78.37,14.9B,8.70%,18.37B,1.64,--,0.8,5.8,7.6
"Expeditors International of Washington, Inc.",EXPD,123.45,8.91B,7.81%,17.44B,7.94,16.21,4.2,7.6,4.8
"Align Technology, Inc.",ALGN,243.6,3.92B,11.80%,18.34B,4.88,21.51,,,
"Molina Healthcare, Inc.",MOH,293.19,34.66B,3.09%,17.18B,3.82,6.19,,,
"Skyworks Solutions, Inc.",SWKS,105.56,4.54B,18.85%,16.94B,2.66,11.48,11.8,8.9,7.2
Baxter International Inc.,BAX,34.91,14.89B,17.79%,17.79B,2.18,16.33,2.8,13.6,7.1
Southwest Airlines Co.,LUV,26.94,26.71B,1.47%,16.12B,1.58,6.32,11.0,13.7,5.9
Waters Corporation,WAT,286.21,2.91B,20.75%,16.98B,13.51,19.18,1.4,8.2,5.1
,,,,,,,,10.9,16.1,6.6
"Citizens Financial Group, Inc.",CFG,35.24,7.37B,19.43%,16.03B,0.74,--,2.0,10.1,11.4
The Clorox Company,CLX,133.22,7.21B,3.33%,16.54B,181.81,28.12,7.7,8.6,5.3
"Builders FirstSource, Inc.",BLDR,132.6,17.11B,8.57%,16.18B,3.27,7.46,,,
"Tyson Foods, Inc.",TSN,56.02,52.88B,-1.16%,19.94B,1.10,23.52,14.0,12.4,9.5
"Mid-America Apartment Communities, Inc.",MAA,138.8,2.16B,25.92%,16.22B,2.66,15.96,3.9,3.0,6.3
"Everest Group, Ltd.",EG,362.85,15.35B,18.80%,15.77B,1.16,--,1.4,6.7,9.9
"NRG Energy, Inc.",NRG,77.16,28.53B,5.76%,16.09B,6.08,6.73,16.8,9.5,5.7
EQT Corporation,EQT,36.32,4.42B,14.05%,16.04B,1.06,7.66,17.7,10.1,7.9
Marathon Oil Corporation,MRO,28.18,6.41B,22.37%,15.77B,1.41,4.81,,,
Packaging Corporation of America,PKG,177.57,7.81B,9.25%,15.95B,3.96,11.85,14.0,1.1,3.6
W. R. Berkley Corporation,WRB,78.64,12.5B,12.23%,20.11B,2.58,--,2.0,7.9,11.9
"Best Buy Co., Inc.",BBY,82.45,42.83B,2.90%,17.79B,5.77,7.96,2.4,9.1,4.4
"United Airlines Holdings, Inc.",UAL,47,54.83B,4.90%,15.45B,1.68,6.49,10.8,12.8,5.0
Las Vegas Sands Corp.,LVS,42.09,11.21B,13.99%,31.36B,7.93,9.44,2.3,7.7,8.7
"Warner Bros. Discovery, Inc.",WBD,7.21,40.58B,-7.45%,17.67B,0.40,2.64,,,
Zebra Technologies Corporation,ZBRA,310.51,4.35B,5.99%,15.97B,5.04,31.29,,,
FactSet Research Systems Inc.,FDS,423.41,2.18B,23.56%,16.11B,8.52,20.21,4.3,8.8,5.3
,,,,,,,,4.7,10.8,5.8
Bunge Global SA,BG,108.59,57.63B,3.22%,15.38B,1.46,5.13,14.4,13.3,5.3
"Expedia Group, Inc.",EXPE,123.61,13.06B,6.18%,16.37B,18.40,8.63,4.3,13.3,10.1
,,,,,,,,0.1,13.1,8.0
International Paper Company,IP,42.82,18.51B,0.93%,14.87B,1.80,9.20,15.1,4.5,4.8
Kellanova,K,56.38,12.98B,7.09%,19.28B,6.12,14.20,10.6,13.4,4.4
IDEX Corporation,IEX,194.69,3.23B,17.89%,14.74B,4.07,16.46,10.3,13.7,5.3
Masco Corporation,MAS,64.7,7.91B,11.60%,14.25B,--,12.74,9.7,5.6,6.8
Gen Digital Inc.,GEN,24.64,3.81B,16.16%,15.43B,7.02,14.41,3.3,8.2,5.4
Amcor plc,AMCR,9.5,13.78B,4.74%,13.73B,3.48,11.79,,,
Trimble Inc.,TRMB,55.89,3.84B,6.25%,13.65B,3.14,22.82,3.8,3.4,5.2
"Healthpeak Properties, Inc.",DOC,19.73,2.26B,8.56%,13.89B,1.56,18.92,,,
Insulet Corporation,PODD,196.9,1.78B,13.14%,13.79B,17.44,40.47,,,
Loews Corporation,L,73.76,16.35B,9.27%,16.33B,1.01,--,0.6,4.3,11.5
Snap-on Incorporated,SNA,255.35,5.11B,20.06%,13.46B,2.62,9.11,9.0,13.9,7.6
"Rollins, Inc.",ROL,50.4,3.16B,13.94%,24.41B,20.90,34.67,1.8,10.6,6.9
"Akamai Technologies, Inc.",AKAM,90.47,3.88B,16.12%,13.78B,2.97,12.57,3.0,7.1,6.9
,,,,,,,,,,
"Live Nation Entertainment, Inc.",LYV,95.34,23.42B,2.22%,22.07B,--,13.83,,,
"CF Industries Holdings, Inc.",CF,70.14,6.09B,19.03%,12.82B,2.36,5.12,16.2,7.7,5.4
KeyCorp,KEY,13.95,5.75B,15.21%,13.15B,1.09,--,1.6,9.2,10.7
"Enphase Energy, Inc.",ENPH,97.14,1.83B,15.10%,13.22B,14.32,31.45,,,
Celanese Corporation,CE,132.18,10.7B,18.60%,14.44B,2.04,9.87,14.7,5.9,5.6
Jabil Inc.,JBL,108.56,30.38B,4.63%,13.09B,5.75,6.44,,,
,,,,,,,,3.3,6.6,5.0
NiSource Inc.,NI,28.54,5.25B,14.23%,12.79B,1.62,11.07,12.0,9.2,4.9
Kimco Realty Corporation,KIM,19.28,1.84B,19.17%,13.00B,1.22,17.36,2.3,2.6,6.0
Alliant Energy Corporation,LNT,51.59,3.98B,17.53%,13.23B,1.94,12.52,8.5,6.6,6.3
,,,,,,,,,,
"Revvity, Inc.",RVTY,103.56,2.73B,5.49%,12.78B,1.63,20.98,0.8,10.1,5.8
WestRock Company,WRK,51.51,19.46B,1.57%,13.30B,1.32,8.93,,,
"UDR, Inc.",UDR,40.87,1.67B,27.34%,13.46B,3.47,14.21,3.7,3.9,6.3
"Host Hotels & Resorts, Inc.",HST,17.48,5.41B,13.33%,12.32B,1.83,9.64,3.3,4.6,5.5
Nordson Corporation,NDSN,226.61,2.65B,18.23%,12.98B,4.65,17.78,8.2,11.6,5.1
Pentair plc,PNR,74.39,4.09B,15.30%,12.35B,3.71,17.00,6.0,10.0,6.1
,,,,,,,,,,
"Stanley Black & Decker, Inc.",SWK,79.58,15.72B,-0.66%,12.25B,1.38,19.60,5.0,12.5,7.8
"Jack Henry & Associates, Inc.",JKHY,163.06,2.19B,17.28%,11.89B,6.68,17.13,4.3,8.7,5.7
Pool Corporation,POOL,299.78,5.46B,9.17%,11.49B,8.54,16.94,,,
"Lamb Weston Holdings, Inc.",LW,82.4,6.55B,16.71%,11.90B,6.77,11.82,,,
The AES Corporation,AES,17.71,12.51B,4.24%,12.59B,4.34,15.14,13.3,8.2,5.3
"Juniper Networks, Inc.",JNPR,36.72,5.34B,4.19%,11.93B,2.66,25.53,1.8,7.2,5.8
Camden Property Trust,CPT,107.72,1.55B,28.66%,11.48B,2.33,12.81,4.0,3.9,8.2
"Qorvo, Inc.",QRVO,118.75,3.77B,-1.87%,11.28B,3.17,26.40,12.3,8.5,7.7
Albemarle Corporation,ALB,98.35,8.4B,4.02%,11.56B,1.24,--,15.4,4.8,6.3
The J. M. Smucker Company,SJM,109.89,8.18B,9.10%,11.70B,1.52,11.93,12.9,12.0,5.6
Incyte Corporation,INCY,57.33,3.77B,19.78%,11.29B,2.09,6.76,1.1,16.3,7.4
Bio-Techne Corporation,TECH,71.44,1.15B,17.59%,11.26B,5.59,32.26,,,
Eastman Chemical Company,EMN,94.5,9.11B,10.16%,11.11B,2.01,8.65,12.8,5.8,6.6
"CarMax, Inc.",KMX,71.58,27.69B,1.46%,11.17B,1.81,18.77,0.1,8.0,4.0
LKQ Corporation,LKQ,41.45,14.22B,5.80%,11.06B,1.80,9.60,3.8,4.0,3.3
,,,,,,,,3.7,20.7,8.6
"The Interpublic Group of Companies, Inc.",IPG,28.34,9.41B,11.51%,10.70B,2.80,7.03,0.0,5.0,5.3
MGM Resorts International,MGM,43.04,16.63B,5.37%,13.50B,3.91,17.44,,,
APA Corporation,APA,28.6,8.08B,33.96%,10.62B,4.07,3.53,22.0,8.9,8.0
"EPAM Systems, Inc.",EPAM,184.14,4.65B,9.28%,10.68B,3.07,13.57,,,
News Corporation,NWSA,27.48,9.94B,2.09%,15.80B,1.94,14.59,0.0,4.7,6.7
"Charles River Laboratories International, Inc.",CRL,199.66,4.11B,10.81%,10.28B,2.83,12.92,,,
Regency Centers Corporation,REG,61.95,1.42B,26.63%,11.45B,1.68,18.00,3.7,3.2,4.8
Allegion plc,ALLE,114.95,3.62B,14.93%,10.05B,7.44,14.12,10.9,5.8,5.0
"F5, Inc.",FFIV,171.63,2.78B,17.91%,10.06B,3.43,12.40,4.1,7.6,5.4
"Catalent, Inc.",CTLT,56.73,4.14B,-28.44%,10.27B,2.84,--,,,
"C.H. Robinson Worldwide, Inc.",CHRW,86.49,17.4B,1.74%,10.13B,7.08,20.88,4.7,9.3,5.3
Teleflex Incorporated,TFX,214.06,3B,9.82%,10.08B,2.24,18.05,4.8,16.1,8.7
A. O. Smith Corporation,AOS,80.48,3.87B,14.94%,11.80B,6.27,13.82,7.2,11.9,6.4
"Huntington Ingalls Industries, Inc.",HII,243.07,11.59B,6.09%,9.59B,2.32,9.36,,,
"Tapestry, Inc.",TPR,40.14,6.7B,13.15%,9.22B,3.32,8.17,1.1,8.6,5.2
Molson Coors Beverage Company,TAP,49.98,11.95B,9.07%,10.62B,0.81,7.05,7.3,8.6,5.5
The Mosaic Company,MOS,27.18,12.77B,6.07%,8.74B,0.73,6.64,13.9,11.1,8.6
Campbell Soup Company,CPB,45.12,9.41B,7.85%,13.47B,3.44,12.82,10.9,8.1,4.5
Hormel Foods Corporation,HRL,30.29,12.05B,6.36%,16.61B,2.11,14.35,13.3,10.7,6.0
"Assurant, Inc.",AIZ,161.28,11.37B,6.73%,8.38B,1.70,--,1.6,10.8,11.7
"Bath & Body Works, Inc.",BBWI,36.99,7.42B,11.92%,8.26B,--,7.83,12.2,10.3,5.9
"BXP, Inc.",BXP,60.3,3.28B,5.85%,9.47B,1.62,14.30,2.5,4.5,5.4
"Henry Schein, Inc.",HSIC,64.96,12.45B,3.12%,8.32B,2.31,12.39,2.0,5.7,6.3
Pinnacle West Capital Corporation,PNW,75.85,4.7B,11.09%,8.61B,1.39,10.43,14.7,10.2,5.8
"Wynn Resorts, Limited",WYNN,86.83,6.97B,12.36%,9.73B,--,10.06,3.4,11.8,10.6
"Walgreens Boots Alliance, Inc.",WBA,11.26,145.53B,-3.99%,9.72B,0.71,--,1.8,9.3,5.2
Fox Corporation,FOXA,34.54,13.92B,11.19%,15.56B,1.53,6.75,,,
Generac Holdings Inc.,GNRC,140.5,4.02B,5.68%,8.52B,3.60,17.40,,,
"Caesars Entertainment, Inc.",CZR,37.18,11.44B,6.68%,8.03B,1.82,5.39,,,
"Match Group, Inc.",MTCH,29.42,3.44B,19.03%,7.82B,--,10.75,,,
Dayforce Inc,DAY,50.84,1.57B,3.30%,8.03B,3.30,31.10,,,
,,,,,,,,,,
DaVita Inc.,DVA,136.45,12.34B,6.61%,11.97B,12.92,9.43,0.1,14.1,8.4
Federal Realty Investment Trust,FRT,100.8,1.15B,20.66%,8.36B,3.03,17.41,2.3,4.3,5.8
,,,,,,,,2.7,4.2,5.7
"Hasbro, Inc.",HAS,56.59,4.76B,-29.60%,7.88B,7.83,--,0.0,2.9,4.2
Norwegian Cruise Line Holdings Ltd.,NCLH,17.48,8.92B,3.84%,7.50B,20.71,10.13,9.0,10.9,6.1
MarketAxess Holdings Inc.,MKTX,204.65,759.7M,33.83%,7.76B,5.88,17.93,,,
American Airlines Group Inc.,AAL,11.04,53.17B,0.94%,7.24B,--,13.96,9.9,11.6,4.8
FMC Corporation,FMC,55.12,4.06B,27.65%,6.88B,1.60,21.92,14.4,8.9,7.5
Solventum Corporation,SOLV,49.9,8.2B,15.73%,8.62B,2.24,7.81,,,
Globe Life Inc.,GL,81.48,5.54B,18.07%,7.52B,1.49,--,1.6,8.3,10.5
"Paycom Software, Inc.",PAYC,141.96,1.74B,26.91%,8.25B,5.74,10.84,,,
Ralph Lauren Corporation,RL,168.67,6.63B,9.75%,10.57B,4.31,10.93,1.2,7.8,5.6
"Etsy, Inc.",ETSY,58.45,2.75B,10.75%,6.83B,--,20.88,,,
Invesco Ltd.,IVZ,14.92,5.77B,-1.74%,6.71B,0.64,15.27,0.7,11.0,11.0
"Franklin Resources, Inc.",BEN,22.09,8.1B,11.09%,11.62B,0.90,10.60,1.1,9.9,7.3
"Mohawk Industries, Inc.",MHK,108.83,11.01B,-3.77%,6.95B,0.91,26.04,5.8,4.2,4.2
"Bio-Rad Laboratories, Inc.",BIO,276.94,2.61B,-12.37%,7.93B,0.87,--,1.2,9.2,7.0
Paramount Global,PARA,11.81,30.07B,-0.15%,8.22B,0.36,23.84,0.1,7.5,7.4
Fox Corporation,FOX,32.16,13.92B,11.19%,15.56B,1.42,6.75,,,
,,,,,,,,,,
